statecode	datecanvassed	dials	canvassed	ctvs	vbms	vote_plan	week_number	dialer_minutes
AL	2020-08-26	95458	1680	917	94	0	10	29533
AL	2020-08-27	0	0	0	0	0	10	0
AL	2020-08-28	0	0	0	0	0	10	0
AL	2020-08-29	39	0	0	0	0	9	0
AL	2020-08-30	79	1	1	0	0	9	0
AL	2020-08-31	126241	1658	825	70	0	9	37676
AL	2020-09-01	94975	2432	1348	174	0	9	18419
AL	2020-09-02	0	0	0	0	0	9	0
AL	2020-09-03	0	0	0	0	0	9	0
AL	2020-09-04	0	0	0	0	0	9	0
AL	2020-09-05	0	0	0	0	0	8	0
AL	2020-09-06	0	0	0	0	0	8	0
AL	2020-09-07	0	0	0	0	0	8	0
AL	2020-09-08	28	0	0	0	0	8	0
AL	2020-09-09	85172	2533	1434	166	0	8	18333
AL	2020-09-10	0	0	0	0	0	8	0
AL	2020-09-11	0	0	0	0	0	8	0
AL	2020-09-12	1019	22	19	2	0	7	0
AL	2020-09-13	0	0	0	0	0	7	0
AL	2020-09-14	0	0	0	0	0	7	0
AL	2020-09-15	6294	219	118	9	0	7	2539
AL	2020-09-16	19	0	0	0	0	7	14
AL	2020-09-17	0	0	0	0	0	7	0
AL	2020-09-18	0	0	0	0	0	7	0
AL	2020-09-19	0	0	0	0	0	6	0
AL	2020-09-20	0	0	0	0	0	6	0
AL	2020-09-21	0	0	0	0	0	6	0
AL	2020-09-22	0	0	0	0	0	6	0
AL	2020-09-23	516	243	0	0	0	6	0
AL	2020-09-24	0	0	0	0	0	6	0
AL	2020-09-25	0	0	0	0	0	6	0
AL	2020-09-26	53210	865	621	30	0	5	10459
AL	2020-09-27	44873	772	550	35	0	5	10923
AL	2020-09-28	53332	905	670	37	0	5	10222
AL	2020-09-29	53532	885	659	29	0	5	11181
AL	2020-09-30	72224	1067	780	26	0	5	10870
AL	2020-10-01	0	0	0	0	0	5	0
AL	2020-10-02	0	0	0	0	0	5	0
AL	2020-10-03	0	0	0	0	0	4	0
AL	2020-10-04	0	0	0	0	0	4	0
AL	2020-10-05	0	0	0	0	0	4	0
AL	2020-10-06	0	0	0	0	0	4	0
AL	2020-10-07	0	0	0	0	0	4	0
AL	2020-10-08	0	0	0	0	0	4	0
AL	2020-10-09	0	0	0	0	0	4	0
AL	2020-10-10	1282	69	0	0	31	3	0
AL	2020-10-11	3205	48	0	0	21	3	0
AL	2020-10-12	16628	425	0	5	322	3	2965
AL	2020-10-13	29747	802	0	5	622	3	5536
AL	2020-10-14	22350	609	0	5	456	3	4770
AL	2020-10-15	0	0	0	0	0	3	0
AL	2020-10-16	0	0	0	0	0	3	0
AL	2020-10-17	17493	420	0	0	332	2	3486
AL	2020-10-18	23589	564	0	2	429	2	4220
AL	2020-10-19	26177	575	0	4	461	2	4348
AL	2020-10-20	27766	564	0	3	453	2	4475
AL	2020-10-21	16728	285	0	0	210	2	3194
AL	2020-10-22	0	0	0	0	0	2	0
AL	2020-10-23	0	0	0	0	0	2	0
AL	2020-10-24	0	0	0	0	0	1	0
AL	2020-10-25	0	0	0	0	0	1	0
AL	2020-10-26	577	0	0	0	0	1	0
AL	2020-10-27	0	0	0	0	0	1	0
AL	2020-10-28	0	0	0	0	0	1	0
AL	2020-10-29	0	0	0	0	0	1	0
AL	2020-10-30	0	0	0	0	0	1	0
AL	2020-10-31	0	0	0	0	0	1	0
AL	2020-11-01	35462	867	0	0	631	1	14230
AL	2020-11-02	0	0	0	0	0	1	0
AL	2020-11-03	3284	104	0	0	37	1	10202
AZ	2020-08-15	592	12	0	0	0	11	0
AZ	2020-08-16	17	1	0	0	0	11	0
AZ	2020-08-17	138700	11986	1711	48	0	11	0
AZ	2020-08-18	138831	13229	2005	164	0	11	0
AZ	2020-08-19	2886	70	0	1	0	11	0
AZ	2020-08-20	3956	79	0	6	0	11	0
AZ	2020-08-21	15	0	0	0	0	11	0
AZ	2020-08-22	161922	3791	2300	55	0	10	0
AZ	2020-08-23	141177	3019	1974	54	0	10	47528
AZ	2020-08-24	888	4	4	0	0	10	0
AZ	2020-08-25	53571	2579	0	108	0	10	0
AZ	2020-08-26	3069	57	0	4	0	10	0
AZ	2020-08-27	4812	51	0	3	0	10	0
AZ	2020-08-28	261	149	0	0	0	10	0
AZ	2020-08-29	4633	49	0	4	0	9	0
AZ	2020-08-30	586	2	0	0	0	9	0
AZ	2020-08-31	155149	4177	2828	74	0	9	51628
AZ	2020-09-01	219828	7215	2784	183	0	9	26453
AZ	2020-09-02	4033	62	11	1	0	9	0
AZ	2020-09-03	2060	26	0	0	0	9	0
AZ	2020-09-04	34	0	0	0	0	9	0
AZ	2020-09-05	1115	11	0	0	0	8	0
AZ	2020-09-06	14	0	0	0	0	8	0
AZ	2020-09-07	0	0	0	0	0	8	0
AZ	2020-09-08	84858	4691	3299	123	0	8	25942
AZ	2020-09-09	118787	4952	3356	104	0	8	27279
AZ	2020-09-10	215	10	0	0	0	8	0
AZ	2020-09-11	0	0	0	0	0	8	0
AZ	2020-09-12	104	2	2	0	0	7	0
AZ	2020-09-13	30	0	0	0	0	7	0
AZ	2020-09-14	16	5	0	0	0	7	0
AZ	2020-09-15	127658	5544	3826	132	0	7	84879
AZ	2020-09-16	118734	4336	3046	57	0	7	26638
AZ	2020-09-17	113	4	0	1	0	7	0
AZ	2020-09-18	0	0	0	0	0	7	0
AZ	2020-09-19	1029	24	0	0	0	6	0
AZ	2020-09-20	0	0	0	0	0	6	0
AZ	2020-09-21	340	20	0	1	0	6	0
AZ	2020-09-22	884	33	0	1	0	6	0
AZ	2020-09-23	60	35	0	0	0	6	0
AZ	2020-09-24	81	0	0	0	0	6	0
AZ	2020-09-25	12	0	0	0	0	6	0
AZ	2020-09-26	452	7	0	1	0	5	0
AZ	2020-09-27	20	0	0	0	0	5	0
AZ	2020-09-28	192	2	0	0	0	5	0
AZ	2020-09-29	31	0	0	0	0	5	0
AZ	2020-09-30	11	11	0	0	0	5	0
AZ	2020-10-01	0	0	0	0	0	5	0
AZ	2020-10-02	0	0	0	0	0	5	0
AZ	2020-10-03	129612	2402	1934	41	0	4	22857
AZ	2020-10-04	156077	2632	2112	45	0	4	24704
AZ	2020-10-05	114965	2597	1958	41	0	4	22489
AZ	2020-10-06	39	39	0	0	0	4	0
AZ	2020-10-07	29	29	0	0	0	4	0
AZ	2020-10-08	0	0	0	0	0	4	0
AZ	2020-10-09	0	0	0	0	0	4	0
AZ	2020-10-10	65207	2346	0	0	0	3	10632
AZ	2020-10-11	54191	2152	0	0	0	3	10060
AZ	2020-10-12	59313	2259	0	0	0	3	10460
AZ	2020-10-13	40374	1962	0	0	0	3	8704
AZ	2020-10-14	40635	1784	0	0	0	3	8537
AZ	2020-10-15	0	0	0	0	0	3	0
AZ	2020-10-16	0	0	0	0	0	3	0
AZ	2020-10-17	53066	2011	0	0	0	2	9228
AZ	2020-10-18	76785	2602	0	0	0	2	10176
AZ	2020-10-19	0	0	0	0	0	2	0
AZ	2020-10-20	54853	1956	0	0	0	2	8322
AZ	2020-10-21	55522	1803	0	0	0	2	7787
AZ	2020-10-22	0	0	0	0	0	2	0
AZ	2020-10-23	0	0	0	0	0	2	0
AZ	2020-10-24	36533	420	0	0	308	1	8586
AZ	2020-10-25	69820	527	0	0	340	1	8824
AZ	2020-10-26	108504	1061	0	0	627	1	13505
AZ	2020-10-27	104153	1129	0	0	592	1	11937
AZ	2020-10-28	109428	1756	0	0	882	1	12693
AZ	2020-10-29	0	0	0	0	0	1	0
AZ	2020-10-30	0	0	0	0	0	1	0
AZ	2020-10-31	129516	972	0	0	368	1	16183
AZ	2020-11-01	185689	1276	0	0	336	1	17493
AZ	2020-11-02	102580	517	0	0	200	1	12071
AZ	2020-11-03	89730	416	0	0	90	1	63968
CO	2020-08-19	156884	13319	2713	0	0	11	0
CO	2020-08-20	0	0	0	0	0	11	0
CO	2020-08-21	0	0	0	0	0	11	0
CO	2020-08-22	0	0	0	0	0	10	0
CO	2020-08-23	0	0	0	0	0	10	0
CO	2020-08-24	194656	15773	2985	0	0	10	50506
CO	2020-08-25	206451	16305	2985	0	0	10	0
CO	2020-08-26	111	0	0	0	0	10	0
CO	2020-08-27	0	0	0	0	0	10	0
CO	2020-08-28	0	0	0	0	0	10	0
CO	2020-08-29	155179	3263	2210	52	0	9	21429
CO	2020-08-30	153236	4235	3001	155	0	9	24348
CO	2020-08-31	405	7	4	1	0	9	0
CO	2020-09-01	122	2	2	0	0	9	0
CO	2020-09-02	167582	4881	3454	134	0	9	25862
CO	2020-09-03	0	0	0	0	0	9	0
CO	2020-09-04	0	0	0	0	0	9	0
CO	2020-09-05	0	0	0	0	0	8	0
CO	2020-09-06	0	0	0	0	0	8	0
CO	2020-09-07	0	0	0	0	0	8	0
CO	2020-09-08	0	0	0	0	0	8	0
CO	2020-09-09	0	0	0	0	0	8	0
CO	2020-09-10	0	0	0	0	0	8	0
CO	2020-09-11	0	0	0	0	0	8	0
CO	2020-09-12	176321	4586	3315	119	0	7	24840
CO	2020-09-13	167923	4146	2983	108	0	7	25825
CO	2020-09-14	203318	5155	3713	136	0	7	28064
CO	2020-09-15	213	4	3	1	0	7	0
CO	2020-09-16	101	0	0	0	0	7	0
CO	2020-09-17	0	0	0	0	0	7	0
CO	2020-09-18	0	0	0	0	0	7	0
CO	2020-09-19	0	0	0	0	0	6	0
CO	2020-09-20	0	0	0	0	0	6	0
CO	2020-09-21	0	0	0	0	0	6	0
CO	2020-09-22	0	0	0	0	0	6	0
CO	2020-09-23	0	0	0	0	0	6	0
CO	2020-09-24	0	0	0	0	0	6	0
CO	2020-09-25	0	0	0	0	0	6	0
CO	2020-09-26	0	0	0	0	0	5	0
CO	2020-09-27	0	0	0	0	0	5	0
CO	2020-09-28	0	0	0	0	0	5	0
CO	2020-09-29	0	0	0	0	0	5	0
CO	2020-09-30	0	0	0	0	0	5	0
CO	2020-10-01	0	0	0	0	0	5	0
CO	2020-10-02	0	0	0	0	0	5	0
CO	2020-10-03	0	0	0	0	0	4	0
CO	2020-10-04	0	0	0	0	0	4	0
CO	2020-10-05	0	0	0	0	0	4	0
CO	2020-10-06	94704	2579	2208	7	0	4	26190
CO	2020-10-07	163313	3780	3192	9	0	4	24607
CO	2020-10-08	0	0	0	0	0	4	0
CO	2020-10-09	0	0	0	0	0	4	0
CO	2020-10-10	71602	1552	0	2	1351	3	9886
CO	2020-10-11	62832	1486	0	3	1268	3	9514
CO	2020-10-12	55523	1613	0	8	1279	3	11174
CO	2020-10-13	74775	1789	0	5	1259	3	10358
CO	2020-10-14	47172	1467	0	1	977	3	10100
CO	2020-10-15	0	0	0	0	0	3	0
CO	2020-10-16	0	0	0	0	0	3	0
CO	2020-10-17	54447	1351	0	2	796	2	7464
CO	2020-10-18	64767	1340	0	0	640	2	8477
CO	2020-10-19	58949	1525	0	5	815	2	9969
CO	2020-10-20	56129	1375	0	1	804	2	9873
CO	2020-10-21	62417	1568	0	6	922	2	9927
CO	2020-10-22	0	0	0	0	0	2	0
CO	2020-10-23	0	0	0	0	0	2	0
CO	2020-10-24	24795	426	0	1	216	1	9380
CO	2020-10-25	62745	1028	0	1	603	1	9883
CO	2020-10-26	72241	1287	0	2	561	1	12249
CO	2020-10-27	93537	1570	0	3	630	1	11894
CO	2020-10-28	64330	764	0	3	321	1	11794
CO	2020-10-29	0	0	0	0	0	1	0
CO	2020-10-30	0	0	0	0	0	1	0
CO	2020-10-31	28688	315	0	0	123	1	4600
CO	2020-11-01	47816	420	0	0	129	1	6019
CO	2020-11-02	23831	201	0	0	57	1	6110
CO	2020-11-03	79405	760	0	0	77	1	85454
FL	2020-08-18	164338	13614	2082	146	0	11	0
FL	2020-08-19	267475	9406	2234	134	0	11	0
FL	2020-08-20	0	0	0	0	0	11	0
FL	2020-08-21	0	0	0	0	0	11	0
FL	2020-08-22	30822	215	171	16	0	10	0
FL	2020-08-23	7513	43	31	4	0	10	0
FL	2020-08-24	258279	2990	2434	136	0	10	31413
FL	2020-08-25	291226	3323	2667	141	0	10	35046
FL	2020-08-26	267429	3158	2526	129	0	10	64795
FL	2020-08-27	1	0	0	0	0	10	0
FL	2020-08-28	0	0	0	0	0	10	0
FL	2020-08-29	1357	15	12	0	0	9	0
FL	2020-08-30	30	0	0	0	0	9	0
FL	2020-08-31	245067	2947	2393	107	0	9	66681
FL	2020-09-01	197657	2348	1891	83	0	9	34273
FL	2020-09-02	207110	2400	1977	71	0	9	33628
FL	2020-09-03	0	0	0	0	0	9	0
FL	2020-09-04	0	0	0	0	0	9	0
FL	2020-09-05	0	0	0	0	0	8	0
FL	2020-09-06	0	0	0	0	0	8	0
FL	2020-09-07	0	0	0	0	0	8	0
FL	2020-09-08	187523	2606	2171	70	0	8	32824
FL	2020-09-09	207057	2721	2219	63	0	8	35747
FL	2020-09-10	0	0	0	0	0	8	0
FL	2020-09-11	0	0	0	0	0	8	0
FL	2020-09-12	1230	24	22	1	0	7	0
FL	2020-09-13	72	0	0	0	0	7	0
FL	2020-09-14	67	2	0	0	0	7	0
FL	2020-09-15	316307	3815	3099	137	0	7	84185
FL	2020-09-16	326187	3586	2934	149	0	7	80219
FL	2020-09-17	0	0	0	0	0	7	0
FL	2020-09-18	0	0	0	0	0	7	0
FL	2020-09-19	210541	2209	1748	74	0	6	72949
FL	2020-09-20	269931	3344	2667	133	0	6	40710
FL	2020-09-21	317572	3278	2632	113	0	6	41379
FL	2020-09-22	218130	2210	1789	74	0	6	22894
FL	2020-09-23	337557	2982	2388	97	0	6	39547
FL	2020-09-24	0	0	0	0	0	6	0
FL	2020-09-25	0	0	0	0	0	6	0
FL	2020-09-26	82248	2788	0	6	0	5	23340
FL	2020-09-27	78587	2331	0	1	0	5	22727
FL	2020-09-28	73663	2398	0	0	0	5	21147
FL	2020-09-29	142822	3696	0	1	0	5	23542
FL	2020-09-30	127564	3689	0	0	0	5	21325
FL	2020-10-01	0	0	0	0	0	5	0
FL	2020-10-02	0	0	0	0	0	5	0
FL	2020-10-03	96614	3020	0	1	0	4	19754
FL	2020-10-04	76368	2675	0	1	0	4	18738
FL	2020-10-05	95244	3172	0	1	0	4	20352
FL	2020-10-06	92625	2698	0	1	0	4	21821
FL	2020-10-07	95802	3592	0	0	0	4	21763
FL	2020-10-08	0	0	0	0	0	4	0
FL	2020-10-09	0	0	0	0	0	4	0
FL	2020-10-10	105051	2795	0	0	0	3	19984
FL	2020-10-11	102681	2952	0	0	0	3	21596
FL	2020-10-12	116712	3390	0	0	0	3	20252
FL	2020-10-13	4200	47	0	0	0	3	0
FL	2020-10-14	1465	12	0	0	0	3	0
FL	2020-10-15	0	0	0	0	0	3	0
FL	2020-10-16	0	0	0	0	0	3	0
FL	2020-10-17	752	18	0	0	0	2	0
FL	2020-10-18	660	4	0	0	0	2	0
FL	2020-10-19	18	0	0	0	0	2	0
FL	2020-10-20	74751	2086	0	0	0	2	13751
FL	2020-10-21	62295	1231	0	0	0	2	14276
FL	2020-10-22	0	0	0	0	0	2	0
FL	2020-10-23	0	0	0	0	0	2	0
FL	2020-10-24	50320	826	0	0	0	1	11237
FL	2020-10-25	70852	1144	0	0	0	1	9790
FL	2020-10-26	183868	1695	0	0	1001	1	23502
FL	2020-10-27	158924	1239	0	0	709	1	21001
FL	2020-10-28	155206	1086	0	0	616	1	23362
FL	2020-10-29	0	0	0	0	0	1	0
FL	2020-10-30	0	0	0	0	0	1	0
FL	2020-10-31	29481	188	0	0	92	1	0
FL	2020-11-01	212441	1385	0	0	591	1	29621
FL	2020-11-02	143081	1370	0	0	642	1	28543
FL	2020-11-03	113946	868	0	0	178	1	182268
GA	2020-08-15	20945	270	193	35	0	11	0
GA	2020-08-16	195068	2296	1563	176	0	11	0
GA	2020-08-17	218610	4338	2939	293	0	11	0
GA	2020-08-18	22390	213	125	20	0	11	0
GA	2020-08-19	10634	85	66	16	0	11	0
GA	2020-08-20	3	0	0	0	0	11	0
GA	2020-08-21	0	0	0	0	0	11	0
GA	2020-08-22	14791	127	88	3	0	10	0
GA	2020-08-23	5556	27	13	3	0	10	0
GA	2020-08-24	8131	51	36	0	0	10	0
GA	2020-08-25	3845	2	1	0	0	10	0
GA	2020-08-26	9493	128	124	4	0	10	0
GA	2020-08-27	6	0	0	0	0	10	0
GA	2020-08-28	0	0	0	0	0	10	0
GA	2020-08-29	223754	2392	1996	87	0	9	31817
GA	2020-08-30	235279	2595	2209	105	0	9	32334
GA	2020-08-31	0	0	0	0	0	9	0
GA	2020-09-01	26	0	0	0	0	9	0
GA	2020-09-02	0	0	0	0	0	9	0
GA	2020-09-03	18	0	0	0	0	9	0
GA	2020-09-04	0	0	0	0	0	9	0
GA	2020-09-05	0	0	0	0	0	8	0
GA	2020-09-06	0	0	0	0	0	8	0
GA	2020-09-07	0	0	0	0	0	8	0
GA	2020-09-08	618	0	0	0	0	8	0
GA	2020-09-09	0	0	0	0	0	8	0
GA	2020-09-10	226	2	0	0	0	8	0
GA	2020-09-11	0	0	0	0	0	8	0
GA	2020-09-12	7240	100	91	5	0	7	0
GA	2020-09-13	243266	2659	2266	83	0	7	37915
GA	2020-09-14	233836	2374	1976	76	0	7	40253
GA	2020-09-15	136	1	0	0	0	7	0
GA	2020-09-16	13	0	0	0	0	7	0
GA	2020-09-17	115	0	0	0	0	7	0
GA	2020-09-18	150	0	0	0	0	7	0
GA	2020-09-19	10	0	0	0	0	6	0
GA	2020-09-20	49	0	0	0	0	6	0
GA	2020-09-21	77	0	0	0	0	6	0
GA	2020-09-22	1184	3	3	0	0	6	0
GA	2020-09-23	0	0	0	0	0	6	0
GA	2020-09-24	0	0	0	0	0	6	0
GA	2020-09-25	0	0	0	0	0	6	0
GA	2020-09-26	97179	5078	624	20	0	5	11577
GA	2020-09-27	50055	4431	519	8	0	5	15091
GA	2020-09-28	100398	5835	704	23	0	5	15289
GA	2020-09-29	86565	6918	742	20	0	5	17662
GA	2020-09-30	110721	8521	1020	19	0	5	17374
GA	2020-10-01	0	0	0	0	0	5	0
GA	2020-10-02	0	0	0	0	0	5	0
GA	2020-10-03	74820	1704	0	0	0	4	15290
GA	2020-10-04	56398	1847	0	2	0	4	15117
GA	2020-10-05	79503	1741	0	2	0	4	14918
GA	2020-10-06	58846	1354	0	0	0	4	15423
GA	2020-10-07	28508	720	0	1	0	4	16039
GA	2020-10-08	0	0	0	0	0	4	0
GA	2020-10-09	0	0	0	0	0	4	0
GA	2020-10-10	80737	1485	0	0	0	3	13949
GA	2020-10-11	66767	1420	0	0	0	3	14705
GA	2020-10-12	93011	1351	0	7	1016	3	14574
GA	2020-10-13	68318	905	0	1	597	3	15289
GA	2020-10-14	108662	1227	0	1	830	3	15628
GA	2020-10-15	668	0	0	0	0	3	0
GA	2020-10-16	0	0	0	0	0	3	0
GA	2020-10-17	64038	658	0	0	423	2	12434
GA	2020-10-18	86891	873	0	1	549	2	13676
GA	2020-10-19	85857	739	0	1	401	2	13630
GA	2020-10-20	93602	1130	0	1	0	2	14271
GA	2020-10-21	73407	810	0	0	0	2	13861
GA	2020-10-22	811	5	0	0	0	2	0
GA	2020-10-23	0	0	0	0	0	2	0
GA	2020-10-24	37058	470	0	4	0	1	8170
GA	2020-10-25	66787	856	0	1	0	1	8876
GA	2020-10-26	157025	956	0	1	636	1	16380
GA	2020-10-27	87028	562	0	4	302	1	13719
GA	2020-10-28	90497	649	0	1	371	1	15764
GA	2020-10-29	0	0	0	0	0	1	0
GA	2020-10-30	0	0	0	0	0	1	0
GA	2020-10-31	88847	697	0	0	308	1	21608
GA	2020-11-01	139477	885	0	0	380	1	24123
GA	2020-11-02	164809	708	0	0	321	1	24676
GA	2020-11-03	124843	620	0	0	170	1	188790
IA	2020-08-19	74759	7477	1230	63	0	11	0
IA	2020-08-20	0	0	0	0	0	11	0
IA	2020-08-21	0	0	0	0	0	11	0
IA	2020-08-22	0	0	0	0	0	10	0
IA	2020-08-23	7	0	0	0	0	10	0
IA	2020-08-24	73620	1542	1133	58	0	10	13859
IA	2020-08-25	54371	1320	982	41	0	10	44095
IA	2020-08-26	61	0	0	0	0	10	0
IA	2020-08-27	27	0	0	0	0	10	0
IA	2020-08-28	29	1	0	0	0	10	0
IA	2020-08-29	94924	1702	1232	46	0	9	17504
IA	2020-08-30	28	2	1	0	0	9	0
IA	2020-08-31	143	5	0	0	0	9	0
IA	2020-09-01	89	2	0	0	0	9	0
IA	2020-09-02	157	8	0	0	0	9	0
IA	2020-09-03	306	13	0	0	0	9	0
IA	2020-09-04	27	2	0	0	0	9	0
IA	2020-09-05	180	12	0	0	0	8	0
IA	2020-09-06	55	3	0	0	0	8	0
IA	2020-09-07	72	2	0	0	0	8	0
IA	2020-09-08	90	4	0	0	0	8	0
IA	2020-09-09	61	3	0	0	0	8	0
IA	2020-09-10	68	5	0	0	0	8	0
IA	2020-09-11	104	3	0	0	0	8	0
IA	2020-09-12	73	4	0	0	0	7	0
IA	2020-09-13	187	3	0	0	0	7	0
IA	2020-09-14	63	3	0	0	0	7	0
IA	2020-09-15	78	6	0	0	0	7	0
IA	2020-09-16	24	4	0	0	0	7	0
IA	2020-09-17	39	3	0	0	0	7	0
IA	2020-09-18	45	0	0	0	0	7	0
IA	2020-09-19	119374	1647	1115	38	0	6	41725
IA	2020-09-20	123839	1285	832	10	0	6	21117
IA	2020-09-21	834	36	0	0	0	6	0
IA	2020-09-22	350	27	0	0	0	6	0
IA	2020-09-23	277	13	0	0	0	6	0
IA	2020-09-24	251	14	0	0	0	6	0
IA	2020-09-25	173	6	0	0	0	6	0
IA	2020-09-26	237	13	0	0	0	5	0
IA	2020-09-27	437	20	0	0	0	5	0
IA	2020-09-28	120	7	0	0	0	5	0
IA	2020-09-29	198	18	0	0	0	5	0
IA	2020-09-30	299	9	0	0	0	5	0
IA	2020-10-01	130	3	0	0	0	5	0
IA	2020-10-02	116	4	0	0	0	5	0
IA	2020-10-03	234	10	0	0	0	4	0
IA	2020-10-04	1020	45	0	0	0	4	0
IA	2020-10-05	21801	849	0	1	0	4	6055
IA	2020-10-06	27028	960	0	2	0	4	5780
IA	2020-10-07	28759	933	0	0	0	4	5258
IA	2020-10-08	273	7	0	0	0	4	0
IA	2020-10-09	235	12	0	0	0	4	0
IA	2020-10-10	23829	1129	0	2	0	3	0
IA	2020-10-11	19664	952	0	0	0	3	5135
IA	2020-10-12	19153	850	0	1	0	3	4759
IA	2020-10-13	1310	72	0	0	23	3	0
IA	2020-10-14	986	79	0	0	0	3	0
IA	2020-10-15	322	42	0	0	0	3	0
IA	2020-10-16	172	22	0	0	0	3	0
IA	2020-10-17	37028	649	0	1	449	2	5596
IA	2020-10-18	44239	698	0	1	409	2	5653
IA	2020-10-19	53571	1023	0	1	506	2	6332
IA	2020-10-20	36096	874	0	1	352	2	5320
IA	2020-10-21	28653	602	0	0	281	2	5137
IA	2020-10-22	13	0	0	0	0	2	0
IA	2020-10-23	4	0	0	0	0	2	0
IA	2020-10-24	3063	41	0	0	27	1	0
IA	2020-10-25	3548	12	0	0	11	1	0
IA	2020-10-26	41808	758	0	0	402	1	6748
IA	2020-10-27	45812	728	0	0	358	1	6150
IA	2020-10-28	43060	641	0	0	315	1	6785
IA	2020-10-29	125	15	0	0	0	1	0
IA	2020-10-30	223	26	0	0	0	1	0
IA	2020-10-31	72309	1194	0	0	530	1	19107
IA	2020-11-01	70681	974	0	0	422	1	12686
IA	2020-11-02	90656	1129	0	0	645	1	21730
IA	2020-11-03	67960	708	0	0	151	1	106087
KS	2020-08-30	102485	2368	1445	160	0	9	18898
KS	2020-08-31	2	0	0	0	0	9	0
KS	2020-09-01	42	0	0	0	0	9	0
KS	2020-09-02	19	0	0	0	0	9	0
KS	2020-09-03	0	0	0	0	0	9	0
KS	2020-09-04	0	0	0	0	0	9	0
KS	2020-09-05	0	0	0	0	0	8	0
KS	2020-09-06	0	0	0	0	0	8	0
KS	2020-09-07	0	0	0	0	0	8	0
KS	2020-09-08	94332	1967	1160	101	0	8	16635
KS	2020-09-09	607	16	13	1	0	8	0
KS	2020-09-10	0	0	0	0	0	8	0
KS	2020-09-11	0	0	0	0	0	8	0
KS	2020-09-12	0	0	0	0	0	7	0
KS	2020-09-13	0	0	0	0	0	7	0
KS	2020-09-14	9	0	0	0	0	7	0
KS	2020-09-15	559	34	25	0	0	7	0
KS	2020-09-16	89603	2670	1630	136	0	7	21327
KS	2020-09-17	0	0	0	0	0	7	0
KS	2020-09-18	0	0	0	0	0	7	0
KS	2020-09-19	0	0	0	0	0	6	0
KS	2020-09-20	0	0	0	0	0	6	0
KS	2020-09-21	0	0	0	0	0	6	0
KS	2020-09-22	0	0	0	0	0	6	0
KS	2020-09-23	1787	125	0	0	0	6	0
KS	2020-09-24	0	0	0	0	0	6	0
KS	2020-09-25	0	0	0	0	0	6	0
KS	2020-09-26	0	0	0	0	0	5	0
KS	2020-09-27	0	0	0	0	0	5	0
KS	2020-09-28	0	0	0	0	0	5	0
KS	2020-09-29	0	0	0	0	0	5	0
KS	2020-09-30	0	0	0	0	0	5	0
KS	2020-10-01	0	0	0	0	0	5	0
KS	2020-10-02	0	0	0	0	0	5	0
KS	2020-10-03	48353	930	662	25	0	4	10047
KS	2020-10-04	67871	1110	732	18	0	4	11075
KS	2020-10-05	23696	456	323	8	0	4	5036
KS	2020-10-06	17609	224	165	5	0	4	5265
KS	2020-10-07	31355	379	300	5	0	4	4861
KS	2020-10-08	0	0	0	0	0	4	0
KS	2020-10-09	0	0	0	0	0	4	0
KS	2020-10-10	20150	495	0	0	0	3	3670
KS	2020-10-11	23607	583	0	1	0	3	4489
KS	2020-10-12	982	24	0	0	0	3	0
KS	2020-10-13	10	2	0	0	0	3	0
KS	2020-10-14	11	1	0	0	0	3	0
KS	2020-10-15	0	0	0	0	0	3	0
KS	2020-10-16	0	0	0	0	0	3	0
KS	2020-10-17	0	0	0	0	0	2	0
KS	2020-10-18	15	1	0	0	0	2	0
KS	2020-10-19	11	1	0	0	0	2	0
KS	2020-10-20	159	30	0	0	0	2	0
KS	2020-10-21	721	93	0	0	0	2	0
KS	2020-10-22	231	38	0	0	0	2	0
KS	2020-10-23	108	22	0	0	0	2	0
KS	2020-10-24	12938	309	0	1	187	1	4619
KS	2020-10-25	25088	689	0	4	487	1	5213
KS	2020-10-26	6712	213	0	1	125	1	5138
KS	2020-10-27	23174	559	0	0	378	1	5427
KS	2020-10-28	32427	638	0	0	450	1	5803
KS	2020-10-29	420	19	0	0	0	1	0
KS	2020-10-30	298	10	0	0	0	1	0
KS	2020-10-31	29797	456	0	0	290	1	14692
KS	2020-11-01	1301	61	0	0	1	1	0
KS	2020-11-02	42523	741	0	0	491	1	15666
KS	2020-11-03	27377	341	0	0	78	1	61101
KY	2020-09-01	254778	22732	2698	195	0	9	43381
KY	2020-09-02	180658	2678	1160	100	0	9	40449
KY	2020-09-03	0	0	0	0	0	9	0
KY	2020-09-04	0	0	0	0	0	9	0
KY	2020-09-05	0	0	0	0	0	8	0
KY	2020-09-06	0	0	0	0	0	8	0
KY	2020-09-07	0	0	0	0	0	8	0
KY	2020-09-08	0	0	0	0	0	8	0
KY	2020-09-09	0	0	0	0	0	8	0
KY	2020-09-10	0	0	0	0	0	8	0
KY	2020-09-11	0	0	0	0	0	8	0
KY	2020-09-12	0	0	0	0	0	7	0
KY	2020-09-13	0	0	0	0	0	7	0
KY	2020-09-14	0	0	0	0	0	7	0
KY	2020-09-15	0	0	0	0	0	7	0
KY	2020-09-16	0	0	0	0	0	7	0
KY	2020-09-17	0	0	0	0	0	7	0
KY	2020-09-18	0	0	0	0	0	7	0
KY	2020-09-19	0	0	0	0	0	6	0
KY	2020-09-20	0	0	0	0	0	6	0
KY	2020-09-21	0	0	0	0	0	6	0
KY	2020-09-22	0	0	0	0	0	6	0
KY	2020-09-23	0	0	0	0	0	6	0
KY	2020-09-24	0	0	0	0	0	6	0
KY	2020-09-25	0	0	0	0	0	6	0
KY	2020-09-26	0	0	0	0	0	5	0
KY	2020-09-27	0	0	0	0	0	5	0
KY	2020-09-28	0	0	0	0	0	5	0
KY	2020-09-29	0	0	0	0	0	5	0
KY	2020-09-30	0	0	0	0	0	5	0
KY	2020-10-01	0	0	0	0	0	5	0
KY	2020-10-02	0	0	0	0	0	5	0
KY	2020-10-03	14	0	0	0	0	4	0
KY	2020-10-04	0	0	0	0	0	4	0
KY	2020-10-05	0	0	0	0	0	4	0
KY	2020-10-06	59374	2337	0	1	0	4	13310
KY	2020-10-07	93975	2897	0	0	0	4	14720
KY	2020-10-08	0	0	0	0	0	4	0
KY	2020-10-09	0	0	0	0	0	4	0
KY	2020-10-10	1907	64	0	0	0	3	0
KY	2020-10-11	2027	16	0	0	0	3	0
KY	2020-10-12	0	0	0	0	0	3	0
KY	2020-10-13	189	8	0	0	0	3	34
KY	2020-10-14	80562	2532	0	1	0	3	13766
KY	2020-10-15	0	0	0	0	0	3	0
KY	2020-10-16	0	0	0	0	0	3	0
KY	2020-10-17	0	0	0	0	0	2	0
KY	2020-10-18	0	0	0	0	0	2	0
KY	2020-10-19	1129	27	0	0	0	2	0
KY	2020-10-20	15	0	0	0	0	2	0
KY	2020-10-21	43599	1211	0	0	0	2	8864
KY	2020-10-22	0	0	0	0	0	2	0
KY	2020-10-23	0	0	0	0	0	2	0
KY	2020-10-24	0	0	0	0	0	1	0
KY	2020-10-25	0	0	0	0	0	1	0
KY	2020-10-26	0	0	0	0	0	1	0
KY	2020-10-27	2317	3	0	0	0	1	0
KY	2020-10-28	104526	1278	0	0	656	1	13178
KY	2020-10-29	0	0	0	0	0	1	0
KY	2020-10-30	0	0	0	0	0	1	0
KY	2020-10-31	16	0	0	0	0	1	0
KY	2020-11-01	113758	1248	0	0	584	1	35200
KY	2020-11-02	3949	21	0	0	8	1	0
KY	2020-11-03	181	0	0	0	0	1	0
ME	2020-08-22	179187	0	0	0	0	10	0
ME	2020-08-23	166309	19433	2335	100	0	10	60048
ME	2020-08-24	998	22	14	1	0	10	0
ME	2020-08-25	127	1	1	0	0	10	0
ME	2020-08-26	0	0	0	0	0	10	0
ME	2020-08-27	0	0	0	0	0	10	0
ME	2020-08-28	0	0	0	0	0	10	0
ME	2020-08-29	310	5	2	0	0	9	0
ME	2020-08-30	0	0	0	0	0	9	0
ME	2020-08-31	0	0	0	0	0	9	0
ME	2020-09-01	0	0	0	0	0	9	0
ME	2020-09-02	7	0	0	0	0	9	0
ME	2020-09-03	0	0	0	0	0	9	0
ME	2020-09-04	0	0	0	0	0	9	0
ME	2020-09-05	0	0	0	0	0	8	0
ME	2020-09-06	0	0	0	0	0	8	0
ME	2020-09-07	0	0	0	0	0	8	0
ME	2020-09-08	0	0	0	0	0	8	0
ME	2020-09-09	0	0	0	0	0	8	0
ME	2020-09-10	0	0	0	0	0	8	0
ME	2020-09-11	0	0	0	0	0	8	0
ME	2020-09-12	0	0	0	0	0	7	0
ME	2020-09-13	0	0	0	0	0	7	0
ME	2020-09-14	0	0	0	0	0	7	0
ME	2020-09-15	0	0	0	0	0	7	0
ME	2020-09-16	0	0	0	0	0	7	0
ME	2020-09-17	0	0	0	0	0	7	0
ME	2020-09-18	0	0	0	0	0	7	0
ME	2020-09-19	0	0	0	0	0	6	0
ME	2020-09-20	0	0	0	0	0	6	0
ME	2020-09-21	0	0	0	0	0	6	0
ME	2020-09-22	0	0	0	0	0	6	0
ME	2020-09-23	0	0	0	0	0	6	0
ME	2020-09-24	0	0	0	0	0	6	0
ME	2020-09-25	0	0	0	0	0	6	0
ME	2020-09-26	0	0	0	0	0	5	0
ME	2020-09-27	0	0	0	0	0	5	0
ME	2020-09-28	0	0	0	0	0	5	0
ME	2020-09-29	0	0	0	0	0	5	0
ME	2020-09-30	0	0	0	0	0	5	0
ME	2020-10-01	0	0	0	0	0	5	0
ME	2020-10-02	0	0	0	0	0	5	0
ME	2020-10-03	0	0	0	0	0	4	0
ME	2020-10-04	240	10	0	0	0	4	0
ME	2020-10-05	4093	226	0	0	0	4	1669
ME	2020-10-06	5791	249	0	0	0	4	2445
ME	2020-10-07	9115	333	0	0	0	4	1955
ME	2020-10-08	0	0	0	0	0	4	0
ME	2020-10-09	0	0	0	0	0	4	0
ME	2020-10-10	0	0	0	0	0	3	0
ME	2020-10-11	26	1	0	0	0	3	0
ME	2020-10-12	8459	467	0	0	0	3	2130
ME	2020-10-13	8899	405	0	0	0	3	2265
ME	2020-10-14	11315	430	0	0	0	3	2094
ME	2020-10-15	0	0	0	0	0	3	0
ME	2020-10-16	0	0	0	0	0	3	0
ME	2020-10-17	6780	327	0	0	0	2	1637
ME	2020-10-18	137	3	0	0	0	2	0
ME	2020-10-19	0	0	0	0	0	2	0
ME	2020-10-20	9472	355	0	0	243	2	2020
ME	2020-10-21	6490	178	0	0	121	2	1377
ME	2020-10-22	0	0	0	0	0	2	0
ME	2020-10-23	0	0	0	0	0	2	0
ME	2020-10-24	0	0	0	0	0	1	0
ME	2020-10-25	0	0	0	0	0	1	0
ME	2020-10-26	380	4	0	0	1	1	0
ME	2020-10-27	11698	317	0	0	205	1	2247
ME	2020-10-28	10704	210	0	0	126	1	2341
ME	2020-10-29	0	0	0	0	0	1	0
ME	2020-10-30	0	0	0	0	0	1	0
ME	2020-10-31	0	0	0	0	0	1	0
ME	2020-11-01	22140	372	0	0	230	1	8257
ME	2020-11-02	239	3	0	0	3	1	0
ME	2020-11-03	15818	365	0	0	98	1	40806
MI	2020-08-15	0	0	0	0	0	11	0
MI	2020-08-16	0	0	0	0	0	11	0
MI	2020-08-17	0	0	0	0	0	11	0
MI	2020-08-18	0	0	0	0	0	11	0
MI	2020-08-19	0	0	0	0	0	11	0
MI	2020-08-20	0	0	0	0	0	11	0
MI	2020-08-21	0	0	0	0	0	11	0
MI	2020-08-22	0	0	0	0	0	10	0
MI	2020-08-23	117	4	4	0	0	10	0
MI	2020-08-24	241594	3979	2955	96	0	10	40324
MI	2020-08-25	275640	3862	2795	87	0	10	40131
MI	2020-08-26	347615	26663	2885	95	0	10	80137
MI	2020-08-27	0	0	0	0	0	10	0
MI	2020-08-28	0	0	0	0	0	10	0
MI	2020-08-29	1168	4	0	0	0	9	0
MI	2020-08-30	139	3	1	0	0	9	0
MI	2020-08-31	35	1	0	0	0	9	0
MI	2020-09-01	0	0	0	0	0	9	0
MI	2020-09-02	0	0	0	0	0	9	0
MI	2020-09-03	0	0	0	0	0	9	0
MI	2020-09-04	0	0	0	0	0	9	0
MI	2020-09-05	0	0	0	0	0	8	0
MI	2020-09-06	0	0	0	0	0	8	0
MI	2020-09-07	0	0	0	0	0	8	0
MI	2020-09-08	0	0	0	0	0	8	0
MI	2020-09-09	0	0	0	0	0	8	0
MI	2020-09-10	0	0	0	0	0	8	0
MI	2020-09-11	0	0	0	0	0	8	0
MI	2020-09-12	0	0	0	0	0	7	0
MI	2020-09-13	46	0	0	0	0	7	0
MI	2020-09-14	32	0	0	0	0	7	0
MI	2020-09-15	330257	4422	3236	80	0	7	102086
MI	2020-09-16	335675	3254	2429	58	0	7	99520
MI	2020-09-17	0	0	0	0	0	7	0
MI	2020-09-18	0	0	0	0	0	7	0
MI	2020-09-19	0	0	0	0	0	6	0
MI	2020-09-20	0	0	0	0	0	6	0
MI	2020-09-21	0	0	0	0	0	6	0
MI	2020-09-22	0	0	0	0	0	6	0
MI	2020-09-23	36	36	36	0	0	6	0
MI	2020-09-24	0	0	0	0	0	6	0
MI	2020-09-25	0	0	0	0	0	6	0
MI	2020-09-26	280639	1985	1234	26	0	5	35097
MI	2020-09-27	181179	1146	703	15	0	5	33396
MI	2020-09-28	208371	3362	695	25	0	5	65631
MI	2020-09-29	237613	3239	944	20	0	5	70458
MI	2020-09-30	214948	3314	973	17	0	5	72775
MI	2020-10-01	0	0	0	0	0	5	0
MI	2020-10-02	0	0	0	0	0	5	0
MI	2020-10-03	70872	1585	0	0	0	4	14157
MI	2020-10-04	100998	1929	0	0	0	4	16752
MI	2020-10-05	116213	2111	0	0	0	4	15510
MI	2020-10-06	1423	66	0	0	0	4	0
MI	2020-10-07	0	0	0	0	0	4	0
MI	2020-10-08	0	0	0	0	0	4	0
MI	2020-10-09	0	0	0	0	0	4	0
MI	2020-10-10	104544	1660	0	1	0	3	13467
MI	2020-10-11	120784	2208	0	0	0	3	14892
MI	2020-10-12	121151	2980	0	1	0	3	14519
MI	2020-10-13	92755	2319	0	0	0	3	0
MI	2020-10-14	5414	208	0	0	0	3	0
MI	2020-10-15	0	0	0	0	0	3	0
MI	2020-10-16	0	0	0	0	0	3	0
MI	2020-10-17	89770	1899	0	0	0	2	10874
MI	2020-10-18	94253	1949	0	0	0	2	11631
MI	2020-10-19	139634	2796	0	0	0	2	15010
MI	2020-10-20	112546	1732	0	0	0	2	12077
MI	2020-10-21	12100	133	0	0	0	2	0
MI	2020-10-22	0	0	0	0	0	2	0
MI	2020-10-23	0	0	0	0	0	2	0
MI	2020-10-24	52203	325	0	2	212	1	8991
MI	2020-10-25	86120	535	0	1	312	1	12876
MI	2020-10-26	149942	876	0	3	534	1	17348
MI	2020-10-27	94249	933	0	1	561	1	14356
MI	2020-10-28	18624	84	0	0	43	1	0
MI	2020-10-29	0	0	0	0	0	1	0
MI	2020-10-30	0	0	0	0	0	1	0
MI	2020-10-31	145041	987	0	0	593	1	17597
MI	2020-11-01	7841	33	0	0	20	1	0
MI	2020-11-02	122971	907	0	0	580	1	17170
MI	2020-11-03	43173	289	0	0	109	1	80519
MN	2020-09-19	196536	3347	2196	58	0	6	48605
MN	2020-09-20	181869	3807	2506	57	0	6	26693
MN	2020-09-21	177586	3913	2433	55	0	6	28245
MN	2020-09-22	137170	2824	1830	60	0	6	24211
MN	2020-09-23	169042	3522	2156	48	0	6	22808
MN	2020-09-24	0	0	0	0	0	6	0
MN	2020-09-25	0	0	0	0	0	6	0
MN	2020-09-26	146090	3164	2025	21	0	5	21900
MN	2020-09-27	127558	2695	1640	13	0	5	23872
MN	2020-09-28	110726	2650	1524	20	0	5	20176
MN	2020-09-29	102119	2262	1184	15	0	5	15197
MN	2020-09-30	130038	2488	1294	17	0	5	25740
MT	2020-08-25	13	0	0	0	0	10	0
MT	2020-08-26	109801	2378	1750	71	0	10	48777
MT	2020-08-27	0	0	0	0	0	10	0
MT	2020-08-28	0	0	0	0	0	10	0
MT	2020-08-29	0	0	0	0	0	9	0
MT	2020-08-30	0	0	0	0	0	9	0
MT	2020-08-31	0	0	0	0	0	9	0
MT	2020-09-01	0	0	0	0	0	9	0
MT	2020-09-02	1002	3	0	0	0	9	0
MT	2020-09-03	0	0	0	0	0	9	0
MT	2020-09-04	0	0	0	0	0	9	0
MT	2020-09-05	0	0	0	0	0	8	0
MT	2020-09-06	0	0	0	0	0	8	0
MT	2020-09-07	0	0	0	0	0	8	0
MT	2020-09-08	0	0	0	0	0	8	0
MT	2020-09-09	0	0	0	0	0	8	0
MT	2020-09-10	0	0	0	0	0	8	0
MT	2020-09-11	0	0	0	0	0	8	0
MT	2020-09-12	0	0	0	0	0	7	0
MT	2020-09-13	0	0	0	0	0	7	0
MT	2020-09-14	0	0	0	0	0	7	0
MT	2020-09-15	0	0	0	0	0	7	0
MT	2020-09-16	0	0	0	0	0	7	0
MT	2020-09-17	0	0	0	0	0	7	0
MT	2020-09-18	0	0	0	0	0	7	0
MT	2020-09-19	0	0	0	0	0	6	0
MT	2020-09-20	0	0	0	0	0	6	0
MT	2020-09-21	0	0	0	0	0	6	0
MT	2020-09-22	0	0	0	0	0	6	0
MT	2020-09-23	1876	88	0	0	0	6	0
MT	2020-09-24	0	0	0	0	0	6	0
MT	2020-09-25	0	0	0	0	0	6	0
MT	2020-09-26	0	0	0	0	0	5	0
MT	2020-09-27	0	0	0	0	0	5	0
MT	2020-09-28	0	0	0	0	0	5	0
MT	2020-09-29	0	0	0	0	0	5	0
MT	2020-09-30	0	0	0	0	0	5	0
MT	2020-10-01	0	0	0	0	0	5	0
MT	2020-10-02	0	0	0	0	0	5	0
MT	2020-10-03	0	0	0	0	0	4	0
MT	2020-10-04	0	0	0	0	0	4	0
MT	2020-10-05	0	0	0	0	0	4	0
MT	2020-10-06	0	0	0	0	0	4	0
MT	2020-10-07	0	0	0	0	0	4	0
MT	2020-10-08	0	0	0	0	0	4	0
MT	2020-10-09	0	0	0	0	0	4	0
MT	2020-10-10	13258	534	0	0	478	3	3074
MT	2020-10-11	20543	584	0	0	484	3	3648
MT	2020-10-12	18275	443	0	0	311	3	2918
MT	2020-10-13	21000	438	0	0	251	3	2974
MT	2020-10-14	18703	314	0	0	159	3	2593
MT	2020-10-15	0	0	0	0	0	3	0
MT	2020-10-16	0	0	0	0	0	3	0
MT	2020-10-17	16193	398	0	0	130	2	2737
MT	2020-10-18	26939	504	0	0	159	2	3447
MT	2020-10-19	26528	473	0	0	124	2	2966
MT	2020-10-20	30111	427	0	0	114	2	2653
MT	2020-10-21	14726	177	0	0	37	2	1815
MT	2020-10-22	0	0	0	0	0	2	0
MT	2020-10-23	0	0	0	0	0	2	0
MT	2020-10-24	4324	51	0	0	23	1	1626
MT	2020-10-25	23456	294	0	0	117	1	2851
MT	2020-10-26	0	0	0	0	0	1	0
MT	2020-10-27	224	0	0	0	0	1	0
MT	2020-10-28	42	0	0	0	0	1	0
MT	2020-10-29	0	0	0	0	0	1	0
MT	2020-10-30	0	0	0	0	0	1	0
MT	2020-10-31	0	0	0	0	0	1	0
MT	2020-11-01	0	0	0	0	0	1	0
MT	2020-11-02	462	1	0	0	0	1	0
MT	2020-11-03	9657	190	0	0	42	1	27753
NC	2020-08-18	123582	11932	1700	102	0	11	0
NC	2020-08-19	284459	27461	3952	186	0	11	0
NC	2020-08-20	0	0	0	0	0	11	0
NC	2020-08-21	0	0	0	0	0	11	0
NC	2020-08-22	4280	60	52	3	0	10	0
NC	2020-08-23	751	9	8	0	0	10	0
NC	2020-08-24	3	0	0	0	0	10	0
NC	2020-08-25	328	9	6	1	0	10	0
NC	2020-08-26	991	13	12	0	0	10	0
NC	2020-08-27	0	0	0	0	0	10	0
NC	2020-08-28	0	0	0	0	0	10	0
NC	2020-08-29	174054	3151	2322	92	0	9	28091
NC	2020-08-30	97625	1877	1377	47	0	9	28654
NC	2020-08-31	110011	2417	1825	68	0	9	85731
NC	2020-09-01	614	11	11	1	0	9	0
NC	2020-09-02	10	0	0	0	0	9	0
NC	2020-09-03	0	0	0	0	0	9	0
NC	2020-09-04	0	0	0	0	0	9	0
NC	2020-09-05	0	0	0	0	0	8	0
NC	2020-09-06	0	0	0	0	0	8	0
NC	2020-09-07	0	0	0	0	0	8	0
NC	2020-09-08	0	0	0	0	0	8	0
NC	2020-09-09	0	0	0	0	0	8	0
NC	2020-09-10	0	0	0	0	0	8	0
NC	2020-09-11	0	0	0	0	0	8	0
NC	2020-09-12	166	0	0	0	0	7	0
NC	2020-09-13	293583	5839	4369	118	0	7	50103
NC	2020-09-14	268028	5093	3706	92	0	7	46985
NC	2020-09-15	2990	54	35	1	0	7	0
NC	2020-09-16	318	1	1	0	0	7	0
NC	2020-09-17	0	0	0	0	0	7	0
NC	2020-09-18	0	0	0	0	0	7	0
NC	2020-09-19	0	0	0	0	0	6	0
NC	2020-09-20	0	0	0	0	0	6	0
NC	2020-09-21	0	0	0	0	0	6	0
NC	2020-09-22	58983	2101	0	2	2	6	11965
NC	2020-09-23	73396	2096	0	0	2	6	13636
NC	2020-09-24	0	0	0	0	0	6	0
NC	2020-09-25	0	0	0	0	0	6	0
NC	2020-09-26	55994	1627	0	0	51	5	11325
NC	2020-09-27	56440	1453	0	1	88	5	11235
NC	2020-09-28	66312	1614	0	0	32	5	11590
NC	2020-09-29	81861	1926	0	0	36	5	12740
NC	2020-09-30	81249	1773	0	0	25	5	11671
NC	2020-10-01	21	0	0	0	0	5	0
NC	2020-10-02	0	0	0	0	0	5	0
NC	2020-10-03	46375	967	0	0	8	4	10125
NC	2020-10-04	68806	1218	0	0	18	4	10200
NC	2020-10-05	71243	1599	0	2	23	4	10447
NC	2020-10-06	87553	1783	0	0	12	4	11883
NC	2020-10-07	88398	1524	0	0	7	4	11225
NC	2020-10-08	0	0	0	0	0	4	0
NC	2020-10-09	0	0	0	0	0	4	0
NC	2020-10-10	55958	850	0	0	3	3	8586
NC	2020-10-11	65117	980	0	0	3	3	9189
NC	2020-10-12	59521	1259	0	4	1084	3	11085
NC	2020-10-13	52511	1051	0	1	899	3	10496
NC	2020-10-14	65850	1085	0	2	937	3	10108
NC	2020-10-15	0	0	0	0	0	3	0
NC	2020-10-16	0	0	0	0	0	3	0
NC	2020-10-17	50986	919	0	1	6	2	8186
NC	2020-10-18	62196	1110	0	0	10	2	9081
NC	2020-10-19	69104	1039	0	0	778	2	9964
NC	2020-10-20	48288	690	0	0	452	2	8249
NC	2020-10-21	38029	556	0	1	302	2	6645
NC	2020-10-22	0	0	0	0	0	2	0
NC	2020-10-23	0	0	0	0	0	2	0
NC	2020-10-24	26487	283	0	0	2	1	7394
NC	2020-10-25	63508	798	0	0	5	1	8698
NC	2020-10-26	69259	623	0	0	387	1	12615
NC	2020-10-27	53840	505	0	0	268	1	10589
NC	2020-10-28	76633	665	0	0	372	1	11986
NC	2020-10-29	0	0	0	0	0	1	0
NC	2020-10-30	0	0	0	0	0	1	0
NC	2020-10-31	95587	736	0	0	378	1	15246
NC	2020-11-01	99619	659	0	0	287	1	17185
NC	2020-11-02	87740	713	0	0	314	1	16966
NC	2020-11-03	80294	668	0	0	196	1	119291
NE	2020-08-18	50993	1257	695	82	0	11	0
NE	2020-08-19	3777	44	24	2	0	11	0
NE	2020-08-20	0	0	0	0	0	11	0
NE	2020-08-21	0	0	0	0	0	11	0
NE	2020-08-22	61	0	0	0	0	10	0
NE	2020-08-23	64	1	1	0	0	10	0
NE	2020-08-24	0	0	0	0	0	10	0
NE	2020-08-25	0	0	0	0	0	10	0
NE	2020-08-26	17	0	0	0	0	10	0
NE	2020-08-27	0	0	0	0	0	10	0
NE	2020-08-28	0	0	0	0	0	10	0
NE	2020-08-29	30	0	0	0	0	9	0
NE	2020-08-30	46	0	0	0	0	9	0
NE	2020-08-31	72	0	0	0	0	9	0
NE	2020-09-01	0	0	0	0	0	9	0
NE	2020-09-02	0	0	0	0	0	9	0
NE	2020-09-03	0	0	0	0	0	9	0
NE	2020-09-04	0	0	0	0	0	9	0
NE	2020-09-05	0	0	0	0	0	8	0
NE	2020-09-06	0	0	0	0	0	8	0
NE	2020-09-07	0	0	0	0	0	8	0
NE	2020-09-08	0	0	0	0	0	8	0
NE	2020-09-09	0	0	0	0	0	8	0
NE	2020-09-10	0	0	0	0	0	8	0
NE	2020-09-11	0	0	0	0	0	8	0
NE	2020-09-12	3781	257	182	9	0	7	39742
NE	2020-09-13	0	0	0	0	0	7	0
NE	2020-09-14	124843	3354	2069	78	0	7	22718
NE	2020-09-15	102849	2918	1743	126	0	7	42858
NE	2020-09-16	105	1	0	0	0	7	0
NE	2020-09-17	0	0	0	0	0	7	0
NE	2020-09-18	0	0	0	0	0	7	0
NE	2020-09-19	0	0	0	0	0	6	0
NE	2020-09-20	0	0	0	0	0	6	0
NE	2020-09-21	0	0	0	0	0	6	0
NE	2020-09-22	0	0	0	0	0	6	0
NE	2020-09-23	0	0	0	0	0	6	0
NE	2020-09-24	0	0	0	0	0	6	0
NE	2020-09-25	0	0	0	0	0	6	0
NE	2020-09-26	0	0	0	0	0	5	0
NE	2020-09-27	0	0	0	0	0	5	0
NE	2020-09-28	0	0	0	0	0	5	0
NE	2020-09-29	0	0	0	0	0	5	0
NE	2020-09-30	0	0	0	0	0	5	0
NE	2020-10-01	0	0	0	0	0	5	0
NE	2020-10-02	0	0	0	0	0	5	0
NE	2020-10-03	0	0	0	0	0	4	0
NE	2020-10-04	0	0	0	0	0	4	0
NE	2020-10-05	0	0	0	0	0	4	0
NE	2020-10-06	0	0	0	0	0	4	0
NE	2020-10-07	0	0	0	0	0	4	0
NE	2020-10-08	0	0	0	0	0	4	0
NE	2020-10-09	0	0	0	0	0	4	0
NE	2020-10-10	0	0	0	0	0	3	0
NE	2020-10-11	0	0	0	0	0	3	0
NE	2020-10-12	909	43	0	0	0	3	0
NE	2020-10-13	22668	904	0	0	0	3	5122
NE	2020-10-14	28140	1034	0	1	0	3	5464
NE	2020-10-15	0	0	0	0	0	3	0
NE	2020-10-16	0	0	0	0	0	3	0
NE	2020-10-17	198	3	0	0	0	2	0
NE	2020-10-18	48	0	0	0	0	2	0
NE	2020-10-19	0	0	0	0	0	2	0
NE	2020-10-20	68	1	0	0	1	2	0
NE	2020-10-21	1	0	0	0	0	2	0
NE	2020-10-22	0	0	0	0	0	2	0
NE	2020-10-23	0	0	0	0	0	2	0
NE	2020-10-24	13346	251	0	0	185	1	3362
NE	2020-10-25	23958	787	0	0	394	1	4829
NE	2020-10-26	65	0	0	0	0	1	0
NE	2020-10-27	0	0	0	0	0	1	0
NE	2020-10-28	278	4	0	0	2	1	0
NE	2020-10-29	0	0	0	0	0	1	0
NE	2020-10-30	0	0	0	0	0	1	0
NE	2020-10-31	29	0	0	0	0	1	0
NE	2020-11-01	24191	724	0	0	335	1	10275
NE	2020-11-02	316	0	0	0	0	1	0
NE	2020-11-03	9	0	0	0	0	1	0
NH	2020-08-23	10	0	0	0	0	10	0
NH	2020-08-24	22	0	0	0	0	10	0
NH	2020-08-25	0	0	0	0	0	10	0
NH	2020-08-26	0	0	0	0	0	10	0
NH	2020-08-27	0	0	0	0	0	10	0
NH	2020-08-28	0	0	0	0	0	10	0
NH	2020-08-29	0	0	0	0	0	9	0
NH	2020-08-30	0	0	0	0	0	9	0
NH	2020-08-31	1376	0	0	0	0	9	0
NH	2020-09-01	0	0	0	0	0	9	0
NH	2020-09-02	0	0	0	0	0	9	0
NH	2020-09-03	0	0	0	0	0	9	0
NH	2020-09-04	0	0	0	0	0	9	0
NH	2020-09-05	0	0	0	0	0	8	0
NH	2020-09-06	0	0	0	0	0	8	0
NH	2020-09-07	0	0	0	0	0	8	0
NH	2020-09-08	0	0	0	0	0	8	0
NH	2020-09-09	0	0	0	0	0	8	0
NH	2020-09-10	0	0	0	0	0	8	0
NH	2020-09-11	0	0	0	0	0	8	0
NH	2020-09-12	201227	2680	1842	95	0	7	42337
NH	2020-09-13	9875	174	122	8	0	7	0
NH	2020-09-14	725	11	11	0	0	7	0
NH	2020-09-15	0	0	0	0	0	7	0
NH	2020-09-16	0	0	0	0	0	7	0
NH	2020-09-17	0	0	0	0	0	7	0
NH	2020-09-18	0	0	0	0	0	7	0
NH	2020-09-19	0	0	0	0	0	6	0
NH	2020-09-20	0	0	0	0	0	6	0
NH	2020-09-21	0	0	0	0	0	6	0
NH	2020-09-22	0	0	0	0	0	6	0
NH	2020-09-23	0	0	0	0	0	6	0
NH	2020-09-24	0	0	0	0	0	6	0
NH	2020-09-25	0	0	0	0	0	6	0
NH	2020-09-26	0	0	0	0	0	5	0
NH	2020-09-27	0	0	0	0	0	5	0
NH	2020-09-28	0	0	0	0	0	5	0
NH	2020-09-29	0	0	0	0	0	5	0
NH	2020-09-30	0	0	0	0	0	5	0
NH	2020-10-01	0	0	0	0	0	5	0
NH	2020-10-02	0	0	0	0	0	5	0
NH	2020-10-03	10147	380	0	0	0	4	2393
NH	2020-10-04	12472	402	0	0	0	4	2423
NH	2020-10-05	0	0	0	0	0	4	0
NH	2020-10-06	0	0	0	0	0	4	0
NH	2020-10-07	0	0	0	0	0	4	0
NH	2020-10-08	0	0	0	0	0	4	0
NH	2020-10-09	0	0	0	0	0	4	0
NH	2020-10-10	10882	356	0	0	0	3	2364
NH	2020-10-11	15092	420	0	0	0	3	2561
NH	2020-10-12	0	0	0	0	0	3	0
NH	2020-10-13	0	0	0	0	0	3	0
NH	2020-10-14	0	0	0	0	0	3	0
NH	2020-10-15	0	0	0	0	0	3	0
NH	2020-10-16	0	0	0	0	0	3	0
NH	2020-10-17	0	0	0	0	0	2	0
NH	2020-10-18	8993	305	0	0	0	2	1954
NH	2020-10-19	14703	421	0	0	0	2	2139
NH	2020-10-20	17	0	0	0	0	2	0
NH	2020-10-21	514	8	0	0	0	2	0
NH	2020-10-22	0	0	0	0	0	2	0
NH	2020-10-23	0	0	0	0	0	2	0
NH	2020-10-24	8339	165	0	0	129	1	1706
NH	2020-10-25	6495	95	0	0	63	1	1257
NH	2020-10-26	15433	253	0	0	198	1	2352
NH	2020-10-27	0	0	0	0	0	1	0
NH	2020-10-28	1640	40	0	1	27	1	0
NH	2020-10-29	0	0	0	0	0	1	0
NH	2020-10-30	0	0	0	0	0	1	0
NH	2020-10-31	18025	276	0	0	181	1	6849
NH	2020-11-01	278	1	0	0	0	1	0
NH	2020-11-02	21243	305	0	0	206	1	7200
NH	2020-11-03	10	0	0	0	0	1	0
PA	2020-08-15	1866	36	9	1	0	11	0
PA	2020-08-16	210819	4005	2013	338	0	11	0
PA	2020-08-17	229863	4905	2780	428	0	11	0
PA	2020-08-18	1600	34	22	3	0	11	0
PA	2020-08-19	2434	51	25	2	0	11	0
PA	2020-08-20	48211	2540	0	145	0	11	0
PA	2020-08-21	0	0	0	0	0	11	0
PA	2020-08-22	43	1	0	0	0	10	0
PA	2020-08-23	64	1	1	0	0	10	0
PA	2020-08-24	66	1	0	0	0	10	0
PA	2020-08-25	296	7	0	0	0	10	0
PA	2020-08-26	713	25	0	3	0	10	0
PA	2020-08-27	68764	2651	0	128	0	10	0
PA	2020-08-28	97	0	0	0	0	10	0
PA	2020-08-29	503	10	2	0	0	9	0
PA	2020-08-30	0	0	0	0	0	9	0
PA	2020-08-31	109821	1873	1171	107	0	9	77415
PA	2020-09-01	506	6	0	2	0	9	0
PA	2020-09-02	503	3	0	1	0	9	0
PA	2020-09-03	88495	3214	0	140	0	9	0
PA	2020-09-04	471	15	0	1	0	9	0
PA	2020-09-05	23	0	0	0	0	8	0
PA	2020-09-06	0	0	0	0	0	8	0
PA	2020-09-07	8	0	0	0	0	8	0
PA	2020-09-08	170177	3446	2178	193	0	8	32860
PA	2020-09-09	285275	6111	3946	369	0	8	43450
PA	2020-09-10	33680	1726	0	65	0	8	0
PA	2020-09-11	625	12	0	0	0	8	0
PA	2020-09-12	392	20	0	1	0	7	0
PA	2020-09-13	0	0	0	0	0	7	0
PA	2020-09-14	0	0	0	0	0	7	0
PA	2020-09-15	62	1	0	0	0	7	0
PA	2020-09-16	273	3	0	3	0	7	0
PA	2020-09-17	33275	1334	0	50	0	7	0
PA	2020-09-18	406	8	4	1	0	7	0
PA	2020-09-19	170547	2707	1831	64	0	6	76494
PA	2020-09-20	360972	5524	3878	96	0	6	49903
PA	2020-09-21	307561	4553	3139	88	0	6	54562
PA	2020-09-22	212454	3169	2154	55	0	6	33105
PA	2020-09-23	238952	2388	1547	39	0	6	23926
PA	2020-09-24	96929	3706	0	94	0	6	0
PA	2020-09-25	0	0	0	0	0	6	0
PA	2020-09-26	0	0	0	0	0	5	0
PA	2020-09-27	0	0	0	0	0	5	0
PA	2020-09-28	0	0	0	0	0	5	0
PA	2020-09-29	0	0	0	0	0	5	0
PA	2020-09-30	0	0	0	0	0	5	0
PA	2020-10-01	0	0	0	0	0	5	0
PA	2020-10-02	0	0	0	0	0	5	0
PA	2020-10-03	49219	2205	0	0	0	4	14498
PA	2020-10-04	81447	2777	0	0	0	4	16322
PA	2020-10-05	75602	2124	0	1	0	4	14929
PA	2020-10-06	117465	2862	0	0	0	4	17167
PA	2020-10-07	62093	2561	0	0	0	4	15793
PA	2020-10-08	0	0	0	0	0	4	0
PA	2020-10-09	0	0	0	0	0	4	0
PA	2020-10-10	70052	2071	0	0	0	3	13255
PA	2020-10-11	79382	2516	0	0	0	3	15504
PA	2020-10-12	83016	3053	0	0	0	3	17291
PA	2020-10-13	67736	2615	0	1	0	3	16001
PA	2020-10-14	70943	2685	0	0	0	3	14920
PA	2020-10-15	0	0	0	0	0	3	0
PA	2020-10-16	0	0	0	0	0	3	0
PA	2020-10-17	44132	1366	0	0	0	2	11138
PA	2020-10-18	65520	1959	1	0	0	2	12934
PA	2020-10-19	89002	2813	0	0	0	2	16637
PA	2020-10-20	75155	2576	0	0	0	2	13414
PA	2020-10-21	45948	1634	0	0	0	2	12210
PA	2020-10-22	0	0	0	0	0	2	0
PA	2020-10-23	0	0	0	0	0	2	0
PA	2020-10-24	40874	1016	0	0	0	1	11429
PA	2020-10-25	77286	2155	0	0	0	1	11619
PA	2020-10-26	131372	1694	0	1	1266	1	18743
PA	2020-10-27	95979	1324	0	0	960	1	15724
PA	2020-10-28	46858	659	0	0	501	1	10329
PA	2020-10-29	0	0	0	0	0	1	0
PA	2020-10-30	0	0	0	0	0	1	0
PA	2020-10-31	67036	961	0	0	791	1	21066
PA	2020-11-01	134348	1405	0	0	1090	1	23211
PA	2020-11-02	162405	1360	0	0	1112	1	24272
PA	2020-11-03	118763	1378	0	0	523	1	199059
SC	2020-08-22	92402	1988	1343	192	0	10	0
SC	2020-08-23	174120	4213	2821	372	0	10	32989
SC	2020-08-24	18330	211	160	17	0	10	0
SC	2020-08-25	191	0	0	0	0	10	0
SC	2020-08-26	0	0	0	0	0	10	0
SC	2020-08-27	0	0	0	0	0	10	0
SC	2020-08-28	0	0	0	0	0	10	0
SC	2020-08-29	687	17	7	0	0	9	0
SC	2020-08-30	0	0	0	0	0	9	0
SC	2020-08-31	0	0	0	0	0	9	0
SC	2020-09-01	0	0	0	0	0	9	0
SC	2020-09-02	0	0	0	0	0	9	0
SC	2020-09-03	0	0	0	0	0	9	0
SC	2020-09-04	20	0	0	0	0	9	0
SC	2020-09-05	0	0	0	0	0	8	0
SC	2020-09-06	0	0	0	0	0	8	0
SC	2020-09-07	0	0	0	0	0	8	0
SC	2020-09-08	0	0	0	0	0	8	0
SC	2020-09-09	0	0	0	0	0	8	0
SC	2020-09-10	0	0	0	0	0	8	0
SC	2020-09-11	0	0	0	0	0	8	0
SC	2020-09-12	161677	2568	1751	136	0	7	34292
SC	2020-09-13	1826	51	34	4	0	7	0
SC	2020-09-14	0	0	0	0	0	7	0
SC	2020-09-15	8	0	0	0	0	7	0
SC	2020-09-16	0	0	0	0	0	7	0
SC	2020-09-17	0	0	0	0	0	7	0
SC	2020-09-18	0	0	0	0	0	7	0
SC	2020-09-19	0	0	0	0	0	6	0
SC	2020-09-20	0	0	0	0	0	6	0
SC	2020-09-21	0	0	0	0	0	6	0
SC	2020-09-22	0	0	0	0	0	6	0
SC	2020-09-23	0	0	0	0	0	6	0
SC	2020-09-24	0	0	0	0	0	6	0
SC	2020-09-25	0	0	0	0	0	6	0
SC	2020-09-26	0	0	0	0	0	5	0
SC	2020-09-27	0	0	0	0	0	5	0
SC	2020-09-28	0	0	0	0	0	5	0
SC	2020-09-29	0	0	0	0	0	5	0
SC	2020-09-30	0	0	0	0	0	5	0
SC	2020-10-01	0	0	0	0	0	5	0
SC	2020-10-02	0	0	0	0	0	5	0
SC	2020-10-03	0	0	0	0	0	4	0
SC	2020-10-04	0	0	0	0	0	4	0
SC	2020-10-05	0	0	0	0	0	4	0
SC	2020-10-06	0	0	0	0	0	4	0
SC	2020-10-07	0	0	0	0	0	4	0
SC	2020-10-08	0	0	0	0	0	4	0
SC	2020-10-09	0	0	0	0	0	4	0
SC	2020-10-10	0	0	0	0	0	3	0
SC	2020-10-11	0	0	0	0	0	3	0
SC	2020-10-12	0	0	0	0	0	3	0
SC	2020-10-13	75854	2528	0	2	1675	3	20057
SC	2020-10-14	106134	2214	0	2	1253	3	18221
SC	2020-10-15	0	0	0	0	0	3	0
SC	2020-10-16	0	0	0	0	0	3	0
SC	2020-10-17	57107	1303	0	0	591	2	14000
SC	2020-10-18	92569	2327	0	1	1201	2	17163
SC	2020-10-19	103610	2118	0	2	1065	2	18185
SC	2020-10-20	4022	78	0	0	23	2	0
SC	2020-10-21	1659	13	0	0	7	2	0
SC	2020-10-22	0	0	0	0	0	2	0
SC	2020-10-23	0	0	0	0	0	2	0
SC	2020-10-24	0	0	0	0	0	1	0
SC	2020-10-25	0	0	0	0	0	1	0
SC	2020-10-26	5	1	0	0	1	1	0
SC	2020-10-27	0	0	0	0	0	1	0
SC	2020-10-28	0	0	0	0	0	1	0
SC	2020-10-29	0	0	0	0	0	1	0
SC	2020-10-30	0	0	0	0	0	1	0
SC	2020-10-31	111761	1210	0	0	389	1	44573
SC	2020-11-01	859	0	0	0	0	1	0
SC	2020-11-02	65	0	0	0	0	1	0
SC	2020-11-03	7733	184	0	0	37	1	21463
WI	2020-08-15	362	6	4	1	0	11	0
WI	2020-08-16	214958	5322	3072	427	0	11	0
WI	2020-08-17	83183	1945	1017	124	0	11	0
WI	2020-08-18	24	0	0	0	0	11	0
WI	2020-08-19	68	0	0	0	0	11	0
WI	2020-08-20	0	0	0	0	0	11	0
WI	2020-08-21	0	0	0	0	0	11	0
WI	2020-08-22	77640	2008	1122	118	0	10	0
WI	2020-08-23	110976	2418	1377	142	0	10	32455
WI	2020-08-24	768	7	4	0	0	10	0
WI	2020-08-25	479	10	7	1	0	10	0
WI	2020-08-26	29	0	0	0	0	10	0
WI	2020-08-27	0	0	0	0	0	10	0
WI	2020-08-28	0	0	0	0	0	10	0
WI	2020-08-29	0	0	0	0	0	9	0
WI	2020-08-30	20	0	0	0	0	9	0
WI	2020-08-31	0	0	0	0	0	9	0
WI	2020-09-01	0	0	0	0	0	9	0
WI	2020-09-02	78672	1816	1070	95	0	9	18296
WI	2020-09-03	0	0	0	0	0	9	0
WI	2020-09-04	0	0	0	0	0	9	0
WI	2020-09-05	0	0	0	0	0	8	0
WI	2020-09-06	0	0	0	0	0	8	0
WI	2020-09-07	0	0	0	0	0	8	0
WI	2020-09-08	0	0	0	0	0	8	0
WI	2020-09-09	0	0	0	0	0	8	0
WI	2020-09-10	0	0	0	0	0	8	0
WI	2020-09-11	0	0	0	0	0	8	0
WI	2020-09-12	106463	3154	1739	114	0	7	21587
WI	2020-09-13	115586	3218	1806	97	0	7	23016
WI	2020-09-14	4555	102	63	5	0	7	0
WI	2020-09-15	0	0	0	0	0	7	0
WI	2020-09-16	8	0	0	0	0	7	0
WI	2020-09-17	0	0	0	0	0	7	0
WI	2020-09-18	0	0	0	0	0	7	0
WI	2020-09-19	0	0	0	0	0	6	0
WI	2020-09-20	1637	221	186	7	0	6	0
WI	2020-09-21	126171	1732	1072	44	0	6	20797
WI	2020-09-22	110694	1787	1039	40	0	6	21279
WI	2020-09-23	103076	1778	1065	29	0	6	17059
WI	2020-09-24	0	0	0	0	0	6	0
WI	2020-09-25	0	0	0	0	0	6	0
WI	2020-09-26	33790	1186	0	0	0	5	7833
WI	2020-09-27	31835	1006	0	0	0	5	8617
WI	2020-09-28	23661	937	0	0	0	5	7241
WI	2020-09-29	48921	1845	0	0	0	5	9423
WI	2020-09-30	48595	1600	0	0	0	5	9038
WI	2020-10-01	0	0	0	0	0	5	0
WI	2020-10-02	0	0	0	0	0	5	0
WI	2020-10-03	40907	1238	0	0	0	4	7018
WI	2020-10-04	52026	1486	0	0	0	4	8969
WI	2020-10-05	46923	1057	0	1	0	4	7971
WI	2020-10-06	40747	1057	0	0	0	4	9600
WI	2020-10-07	64537	1502	0	0	0	4	8852
WI	2020-10-08	0	0	0	0	0	4	0
WI	2020-10-09	0	0	0	0	0	4	0
WI	2020-10-10	47808	1284	0	3	0	3	7893
WI	2020-10-11	64075	1158	0	2	0	3	8600
WI	2020-10-12	52471	1311	0	0	0	3	9523
WI	2020-10-13	68690	1445	0	0	0	3	8651
WI	2020-10-14	55884	1646	0	0	0	3	8350
WI	2020-10-15	0	0	0	0	0	3	0
WI	2020-10-16	0	0	0	0	0	3	0
WI	2020-10-17	42837	671	0	0	0	2	5596
WI	2020-10-18	73136	1060	0	0	0	2	7961
WI	2020-10-19	59496	1338	0	5	1055	2	9743
WI	2020-10-20	49674	870	0	2	609	2	8295
WI	2020-10-21	38996	711	0	1	475	2	7274
WI	2020-10-22	0	0	0	0	0	2	0
WI	2020-10-23	0	0	0	0	0	2	0
WI	2020-10-24	12149	255	0	4	155	1	4916
WI	2020-10-25	25333	431	0	0	299	1	3570
WI	2020-10-26	78113	1378	0	0	782	1	9823
WI	2020-10-27	66037	1052	0	0	578	1	8050
WI	2020-10-28	56488	873	0	0	525	1	8118
WI	2020-10-29	0	0	0	0	0	1	0
WI	2020-10-30	0	0	0	0	0	1	0
WI	2020-10-31	51817	906	0	0	505	1	12304
WI	2020-11-01	85412	979	0	0	526	1	14166
WI	2020-11-02	91894	1052	0	0	688	1	14367
WI	2020-11-03	74398	1011	0	0	233	1	105189
AL	2020-08-15	0	0	0	0	0	0	0
AL	2020-08-16	0	0	0	0	0	0	0
AL	2020-08-17	0	0	0	0	0	0	0
AL	2020-08-18	0	0	0	0	0	0	0
AL	2020-08-19	0	0	0	0	0	0	0
AL	2020-08-20	0	0	0	0	0	0	0
AL	2020-08-21	0	0	0	0	0	0	0
AL	2020-08-22	0	0	0	0	0	0	0
AL	2020-08-23	0	0	0	0	0	0	0
AL	2020-08-24	0	0	0	0	0	0	0
AL	2020-08-25	0	0	0	0	0	0	0
CO	2020-08-15	0	0	0	0	0	0	0
CO	2020-08-16	0	0	0	0	0	0	0
CO	2020-08-17	0	0	0	0	0	0	0
CO	2020-08-18	0	0	0	0	0	0	0
FL	2020-08-15	0	0	0	0	0	0	0
FL	2020-08-16	0	0	0	0	0	0	0
FL	2020-08-17	0	0	0	0	0	0	0
IA	2020-08-15	0	0	0	0	0	0	0
IA	2020-08-16	0	0	0	0	0	0	0
IA	2020-08-17	0	0	0	0	0	0	0
IA	2020-08-18	0	0	0	0	0	0	0
KS	2020-08-15	0	0	0	0	0	0	0
KS	2020-08-16	0	0	0	0	0	0	0
KS	2020-08-17	0	0	0	0	0	0	0
KS	2020-08-18	0	0	0	0	0	0	0
KS	2020-08-19	0	0	0	0	0	0	0
KS	2020-08-20	0	0	0	0	0	0	0
KS	2020-08-21	0	0	0	0	0	0	0
KS	2020-08-22	0	0	0	0	0	0	0
KS	2020-08-23	0	0	0	0	0	0	0
KS	2020-08-24	0	0	0	0	0	0	0
KS	2020-08-25	0	0	0	0	0	0	0
KS	2020-08-26	0	0	0	0	0	0	0
KS	2020-08-27	0	0	0	0	0	0	0
KS	2020-08-28	0	0	0	0	0	0	0
KS	2020-08-29	0	0	0	0	0	0	0
KY	2020-08-15	0	0	0	0	0	0	0
KY	2020-08-16	0	0	0	0	0	0	0
KY	2020-08-17	0	0	0	0	0	0	0
KY	2020-08-18	0	0	0	0	0	0	0
KY	2020-08-19	0	0	0	0	0	0	0
KY	2020-08-20	0	0	0	0	0	0	0
KY	2020-08-21	0	0	0	0	0	0	0
KY	2020-08-22	0	0	0	0	0	0	0
KY	2020-08-23	0	0	0	0	0	0	0
KY	2020-08-24	0	0	0	0	0	0	0
KY	2020-08-25	0	0	0	0	0	0	0
KY	2020-08-26	0	0	0	0	0	0	0
KY	2020-08-27	0	0	0	0	0	0	0
KY	2020-08-28	0	0	0	0	0	0	0
KY	2020-08-29	0	0	0	0	0	0	0
KY	2020-08-30	0	0	0	0	0	0	0
KY	2020-08-31	0	0	0	0	0	0	0
ME	2020-08-15	0	0	0	0	0	0	0
ME	2020-08-16	0	0	0	0	0	0	0
ME	2020-08-17	0	0	0	0	0	0	0
ME	2020-08-18	0	0	0	0	0	0	0
ME	2020-08-19	0	0	0	0	0	0	0
ME	2020-08-20	0	0	0	0	0	0	0
ME	2020-08-21	0	0	0	0	0	0	0
MN	2020-08-15	0	0	0	0	0	0	0
MN	2020-08-16	0	0	0	0	0	0	0
MN	2020-08-17	0	0	0	0	0	0	0
MN	2020-08-18	0	0	0	0	0	0	0
MN	2020-08-19	0	0	0	0	0	0	0
MN	2020-08-20	0	0	0	0	0	0	0
MN	2020-08-21	0	0	0	0	0	0	0
MN	2020-08-22	0	0	0	0	0	0	0
MN	2020-08-23	0	0	0	0	0	0	0
MN	2020-08-24	0	0	0	0	0	0	0
MN	2020-08-25	0	0	0	0	0	0	0
MN	2020-08-26	0	0	0	0	0	0	0
MN	2020-08-27	0	0	0	0	0	0	0
MN	2020-08-28	0	0	0	0	0	0	0
MN	2020-08-29	0	0	0	0	0	0	0
MN	2020-08-30	0	0	0	0	0	0	0
MN	2020-08-31	0	0	0	0	0	0	0
MN	2020-09-01	0	0	0	0	0	0	0
MN	2020-09-02	0	0	0	0	0	0	0
MN	2020-09-03	0	0	0	0	0	0	0
MN	2020-09-04	0	0	0	0	0	0	0
MN	2020-09-05	0	0	0	0	0	0	0
MN	2020-09-06	0	0	0	0	0	0	0
MN	2020-09-07	0	0	0	0	0	0	0
MN	2020-09-08	0	0	0	0	0	0	0
MN	2020-09-09	0	0	0	0	0	0	0
MN	2020-09-10	0	0	0	0	0	0	0
MN	2020-09-11	0	0	0	0	0	0	0
MN	2020-09-12	0	0	0	0	0	0	0
MN	2020-09-13	0	0	0	0	0	0	0
MN	2020-09-14	0	0	0	0	0	0	0
MN	2020-09-15	0	0	0	0	0	0	0
MN	2020-09-16	0	0	0	0	0	0	0
MN	2020-09-17	0	0	0	0	0	0	0
MN	2020-09-18	0	0	0	0	0	0	0
MN	2020-10-01	0	0	0	0	0	0	0
MN	2020-10-02	0	0	0	0	0	0	0
MN	2020-10-03	0	0	0	0	0	0	0
MN	2020-10-04	0	0	0	0	0	0	0
MN	2020-10-05	0	0	0	0	0	0	0
MN	2020-10-06	0	0	0	0	0	0	0
MN	2020-10-07	0	0	0	0	0	0	0
MN	2020-10-08	0	0	0	0	0	0	0
MN	2020-10-09	0	0	0	0	0	0	0
MN	2020-10-10	0	0	0	0	0	0	0
MN	2020-10-11	0	0	0	0	0	0	0
MN	2020-10-12	0	0	0	0	0	0	0
MN	2020-10-13	0	0	0	0	0	0	0
MN	2020-10-14	0	0	0	0	0	0	0
MN	2020-10-15	0	0	0	0	0	0	0
MN	2020-10-16	0	0	0	0	0	0	0
MN	2020-10-17	0	0	0	0	0	0	0
MN	2020-10-18	0	0	0	0	0	0	0
MN	2020-10-19	0	0	0	0	0	0	0
MN	2020-10-20	0	0	0	0	0	0	0
MN	2020-10-21	0	0	0	0	0	0	0
MN	2020-10-22	0	0	0	0	0	0	0
MN	2020-10-23	0	0	0	0	0	0	0
MN	2020-10-24	0	0	0	0	0	0	0
MN	2020-10-25	0	0	0	0	0	0	0
MN	2020-10-26	0	0	0	0	0	0	0
MN	2020-10-27	0	0	0	0	0	0	0
MN	2020-10-28	0	0	0	0	0	0	0
MN	2020-10-29	0	0	0	0	0	0	0
MN	2020-10-30	0	0	0	0	0	0	0
MN	2020-10-31	0	0	0	0	0	0	0
MN	2020-11-01	0	0	0	0	0	0	0
MN	2020-11-02	0	0	0	0	0	0	0
MN	2020-11-03	0	0	0	0	0	0	0
MT	2020-08-15	0	0	0	0	0	0	0
MT	2020-08-16	0	0	0	0	0	0	0
MT	2020-08-17	0	0	0	0	0	0	0
MT	2020-08-18	0	0	0	0	0	0	0
MT	2020-08-19	0	0	0	0	0	0	0
MT	2020-08-20	0	0	0	0	0	0	0
MT	2020-08-21	0	0	0	0	0	0	0
MT	2020-08-22	0	0	0	0	0	0	0
MT	2020-08-23	0	0	0	0	0	0	0
MT	2020-08-24	0	0	0	0	0	0	0
NC	2020-08-15	0	0	0	0	0	0	0
NC	2020-08-16	0	0	0	0	0	0	0
NC	2020-08-17	0	0	0	0	0	0	0
NE	2020-08-15	0	0	0	0	0	0	0
NE	2020-08-16	0	0	0	0	0	0	0
NE	2020-08-17	0	0	0	0	0	0	0
NH	2020-08-15	0	0	0	0	0	0	0
NH	2020-08-16	0	0	0	0	0	0	0
NH	2020-08-17	0	0	0	0	0	0	0
NH	2020-08-18	0	0	0	0	0	0	0
NH	2020-08-19	0	0	0	0	0	0	0
NH	2020-08-20	0	0	0	0	0	0	0
NH	2020-08-21	0	0	0	0	0	0	0
NH	2020-08-22	0	0	0	0	0	0	0
SC	2020-08-15	0	0	0	0	0	0	0
SC	2020-08-16	0	0	0	0	0	0	0
SC	2020-08-17	0	0	0	0	0	0	0
SC	2020-08-18	0	0	0	0	0	0	0
SC	2020-08-19	0	0	0	0	0	0	0
SC	2020-08-20	0	0	0	0	0	0	0
SC	2020-08-21	0	0	0	0	0	0	0
